guid,Country,Country:sv,Country info,Country info:sv,Capital,Capital:sv,Capital info,Capital info:sv,Capital hint,Capital hint:sv,Flag,Flag similarity,Flag similarity:sv,Map,tags
crr.AfnVRi,England,England,Constituent country of the United Kingdom., ,London,London,,,Not a sovereign country,,"<img src=""ug-flag-england.svg"" />",,,"<img src=""ug-map-england.png"" />",UG::Europe
fLa47kwPQ|,Scotland,Skottland,Constituent country of the United Kingdom., ,Edinburgh,Edinburgh,,,,,"<img src=""ug-flag-scotland.svg"" />",,,"<img src=""ug-map-scotland.png"" />",UG::Europe
"qip%,jz5{B",United Kingdom,Storbritannien, , ,London,London,,,Sovereign country,,"<img src=""ug-flag-united_kingdom.svg"" />",,,"<img src=""ug-map-united_kingdom.png"" />",UG::Europe UG::European_Union UG::Sovereign_State
a>/E!W3aZ:,Northern Ireland,Nordirland,Constituent country of the United Kingdom., ,Belfast,Belfast,,,,,,,,"<img src=""ug-map-northern_ireland.png"" />",UG::Europe
kqgh09rAu/,France,Frankrike, , ,Paris,Paris,,,,,"<img src=""ug-flag-france.svg"" />",,,"<img src=""ug-map-france.png"" />",UG::Europe UG::European_Union UG::Mediterranean UG::Sovereign_State
f<$dGtu.n+,Wales,Wales,Constituent country of the United Kingdom., ,Cardiff,Cardiff,,,,,"<img src=""ug-flag-wales.svg"" />",,,"<img src=""ug-map-wales.png"" />",UG::Europe
h<F-8<;jT{,Georgia,Georgien, , ,Tbilisi,Tbilisi,,,,,"<img src=""ug-flag-georgia.svg"" />",,,"<img src=""ug-map-georgia.png"" />",UG::Europe UG::Sovereign_State
hJ7x:*PI9*,Germany,Tyskland, , ,Berlin,Berlin,,,,,"<img src=""ug-flag-germany.svg"" />",,,"<img src=""ug-map-germany.png"" />",UG::Europe UG::European_Union UG::Sovereign_State
lr1v|Atq>-,Greece,Grekland, , ,Athens,Aten,,Även Athen,,,"<img src=""ug-flag-greece.svg"" />",,,"<img src=""ug-map-greece.png"" />",UG::Europe UG::European_Union UG::Mediterranean UG::Sovereign_State
gX&04dwF4K,Greenland,Grönland,Constituent country in the Kingdom of Denmark., ,Nuuk,Nuuk,,,,,"<img src=""ug-flag-greenland.svg"" />",,,"<img src=""ug-map-greenland.png"" />",UG::North_America
kOKi`(Zy9C,Hungary,Ungern, , ,Budapest,Budapest,,,,,"<img src=""ug-flag-hungary.svg"" />",,,"<img src=""ug-map-hungary.png"" />",UG::Europe UG::European_Union UG::Sovereign_State
e#egEUHJ3(,Albania,Albanien, , ,Tirana,Tirana,,,,,"<img src=""ug-flag-albania.svg"" />",,,"<img src=""ug-map-albania.png"" />",UG::Europe UG::Mediterranean UG::Sovereign_State
b|eaD7qKo],Andorra,Andorra, , ,Andorra la Vella,Andorra la Vella,,,,,"<img src=""ug-flag-andorra.png"" />","Moldova (wider, coat of arms with eagle)",,"<img src=""ug-map-andorra.png"" />",UG::Europe UG::Sovereign_State
pAI(peiC8R,Austria,Österrike, , ,Vienna,Wien,,,,,"<img src=""ug-flag-austria.svg"" />","Latvia (darker red, narrower white band)",,"<img src=""ug-map-austria.png"" />",UG::Europe UG::European_Union UG::Sovereign_State
ii$pXyvZl*,Azerbaijan,Azerbajdzjan, , ,Baku,Baku,,,,,"<img src=""ug-flag-azerbaijan.svg"" />",,,"<img src=""ug-map-azerbaijan.png"" />",UG::Europe UG::Sovereign_State
"jl7,HNQ-*C",Belarus,Vitryssland, , ,Minsk,Minsk,,,,,"<img src=""ug-flag-belarus.svg"" />",,,"<img src=""ug-map-belarus.png"" />",UG::Europe UG::Sovereign_State
h].V+TH66),Belgium,Belgien, , ,Brussels,Bryssel,,,Sovereign country,,"<img src=""ug-flag-belgium.svg"" />",,,"<img src=""ug-map-belgium.png"" />",UG::Europe UG::European_Union UG::Sovereign_State
k#zvw56%32,Bosnia and Herzegovina,Bosnien och Hercegovina, , ,Sarajevo,Sarajevo,,,,,"<img src=""ug-flag-bosnia_and_herzegovina.svg"" />",,,"<img src=""ug-map-bosnia_and_herzegovina.png"" />",UG::Europe UG::Mediterranean UG::Sovereign_State
sdBS(n6JY3,Bulgaria,Bulgarien, , ,Sofia,Sofia,,,,,"<img src=""ug-flag-bulgaria.svg"" />",,,"<img src=""ug-map-bulgaria.png"" />",UG::Europe UG::European_Union UG::Sovereign_State
~W|86[*J^),Croatia,Kroatien, , ,Zagreb,Zagreb,,,,,"<img src=""ug-flag-croatia.png"" />",,,"<img src=""ug-map-croatia.png"" />",UG::Europe UG::European_Union UG::Mediterranean UG::Sovereign_State
r8ZO7&APwX,Czech Republic,Tjeckien,Also known as Czechia., ,Prague,Prag,,,,,"<img src=""ug-flag-czech_republic.svg"" />",,,"<img src=""ug-map-czech_republic.png"" />",UG::Europe UG::European_Union UG::Sovereign_State
i[lO#Rj1KP,Denmark,Danmark, , ,Copenhagen,Köpenhamn,,,,,"<img src=""ug-flag-denmark.svg"" />",,,"<img src=""ug-map-denmark.png"" />",UG::Europe UG::European_Union UG::Sovereign_State
5)Q@s0rds,Estonia,Estland, , ,Tallinn,Tallinn,,Tidigare även Reval,,,"<img src=""ug-flag-estonia.svg"" />",,,"<img src=""ug-map-estonia.png"" />",UG::Europe UG::European_Union UG::Sovereign_State
"iDlf,{rw71",Faroe Islands,Färöarna,Constituent country in the Kingdom of Denmark., ,Tórshavn,Tórshavn,,Även Torshamn,,,"<img src=""ug-flag-faroe_islands.svg"" />","Iceland (blue background, red and white cross), Norway (red background, blue and white cross)",,"<img src=""ug-map-faroe_islands.png"" />",UG::Europe
"iK8dA,t]9u",Finland,Finland, , ,Helsinki,Helsingfors,,,,,"<img src=""ug-flag-finland.svg"" />",,,"<img src=""ug-map-finland.png"" />",UG::Europe UG::European_Union UG::Sovereign_State
hgM#_P8X&X,Iceland,Island, , ,Reykjavík,Reykjavik,,,,,"<img src=""ug-flag-iceland.svg"" />","Norway (red background, blue cross), Faroe Islands (white background, red and blue cross)",,"<img src=""ug-map-iceland.png"" />",UG::Europe UG::Sovereign_State
"qyC@,:!`--",Ireland,Irland, , ,Dublin,Dublin,,,,,"<img src=""ug-flag-ireland.svg"" />","Ivory Coast (green and orange flipped, narrower)",,"<img src=""ug-map-ireland.png"" />",UG::Europe UG::European_Union UG::Sovereign_State
a|+2%dYY*5,Italy,Italien, , ,Rome,Rom,,,,,"<img src=""ug-flag-italy.svg"" />",,,"<img src=""ug-map-italy.png"" />",UG::Europe UG::European_Union UG::Mediterranean UG::Sovereign_State
"kp[>1&>A,$",Latvia,Lettland, , ,Riga,Riga,,,,,"<img src=""ug-flag-latvia.svg"" />","Austria (brighter red, wider white band)",,"<img src=""ug-map-latvia.png"" />",UG::Europe UG::European_Union UG::Sovereign_State
jl|.Fb5A*|,Liechtenstein,Liechtenstein, , ,Vaduz,Vaduz,,,,,"<img src=""ug-flag-liechtenstein.svg"" />",,,"<img src=""ug-map-liechtenstein.png"" />",UG::Europe UG::Sovereign_State
i}a{7=hw-t,Lithuania,Litauen, , ,Vilnius,Vilnius,,Tidare Vilna eller Vilnia,,,"<img src=""ug-flag-lithuania.svg"" />",,,"<img src=""ug-map-lithuania.png"" />",UG::Europe UG::European_Union UG::Sovereign_State
gbA2F8~vwh,Luxembourg,Luxemburg, , ,Luxembourg City,Luxemburg,Officially Luxembourg.,,,,"<img src=""ug-flag-luxembourg.svg"" />",Netherlands (darker blue),,"<img src=""ug-map-luxembourg.png"" />",UG::Europe UG::European_Union UG::Sovereign_State
pe!a~})jr(,North Macedonia,Nordmakedonien,Formerly known as Macedonia., ,Skopje,Skopje,,,,,"<img src=""ug-flag-north_macedonia.svg"" />",,,"<img src=""ug-map-north_macedonia.png"" />",UG::Europe UG::Sovereign_State
l-N;VrJ@wL,Malta,Malta, , ,Valletta,Valletta,,,,,"<img src=""ug-flag-malta.svg"" />",,,"<img src=""ug-map-malta.png"" />",UG::Europe UG::European_Union UG::Mediterranean UG::Sovereign_State
|[%dgi.pe,Moldova,Moldavien, , ,Chișinău,Chișinău,,Tidigare Kishinev eller Kisjinjov,,,"<img src=""ug-flag-moldova.svg"" />","Andorra (narrower, coat of arms with motto)",,"<img src=""ug-map-moldova.png"" />",UG::Europe UG::Sovereign_State
kBGh@}1aE(,Monaco,Monaco, , ,Monaco,Monaco,,,,,"<img src=""ug-flag-monaco.svg"" />","Indonesia (wider, brighter red), Poland (red and white flipped, wider)",,"<img src=""ug-map-monaco.png"" />",UG::Europe UG::Mediterranean UG::Sovereign_State
s@WA4dY|%c,Montenegro,Montenegro, , ,Podgorica,Podgorica,Cetinje is an honorary capital.,,,,"<img src=""ug-flag-montenegro.png"" />",,,"<img src=""ug-map-montenegro.png"" />",UG::Europe UG::Mediterranean UG::Sovereign_State
mzohP<k3{#,Netherlands,Nederländerna, , ,Amsterdam,Amsterdam,"While Amsterdam is the official capital, The Hague is the seat of the executive and legislative branches.",,,,"<img src=""ug-flag-netherlands.svg"" />",Luxembourg (lighter blue),,"<img src=""ug-map-netherlands.png"" />",UG::Europe UG::European_Union UG::Sovereign_State
j2D=B[!!bW,Norway,Norge, , ,Oslo,Oslo,,,,,"<img src=""ug-flag-norway.svg"" />","Iceland (blue background, red cross), Faroe Islands (white background, red and blue cross)",,"<img src=""ug-map-norway.png"" />",UG::Europe UG::Sovereign_State
dAKb5_%x?4,Poland,Polen, , ,Warsaw,Warszawa,,,,,"<img src=""ug-flag-poland.svg"" />","Indonesia (white and red flipped, brighter red), Monaco (white and red flipped, narrower)",,"<img src=""ug-map-poland.png"" />",UG::Europe UG::European_Union UG::Sovereign_State
oD=}Dl&](;,Portugal,Portugal, , ,Lisbon,Lissabon,,,,,"<img src=""ug-flag-portugal.svg"" />",,,"<img src=""ug-map-portugal.png"" />",UG::Europe UG::European_Union UG::Sovereign_State
h&LzDmwPs.,Romania,Rumänien, , ,Bucharest,Bukarest,,,,,"<img src=""ug-flag-romania.svg"" />",Chad (slightly darker blue),,"<img src=""ug-map-romania.png"" />",UG::Europe UG::European_Union UG::Sovereign_State
tRl%xwDu>d,Russia,Ryssland, , ,Moscow,Bukarest,,,,,"<img src=""ug-flag-russia.svg"" />",,,"<img src=""ug-map-russia.png"" />",UG::Europe UG::Sovereign_State
his*oE$.bt,San Marino,San Marino, , ,City of San Marino,San Marino,,,,,"<img src=""ug-flag-san_marino.png"" />",,,"<img src=""ug-map-san_marino.png"" />",UG::Europe UG::Sovereign_State
sU}vJmyFCk,Serbia,Serbien, , ,Belgrade,Belgrad,,,,,"<img src=""ug-flag-serbia.png"" />",,,"<img src=""ug-map-serbia.png"" />",UG::Europe UG::Sovereign_State
o_Qs1fsA*`,Slovakia,Slovakien, , ,Bratislava,Bratislava,,,,,"<img src=""ug-flag-slovakia.svg"" />",,,"<img src=""ug-map-slovakia.png"" />",UG::Europe UG::European_Union UG::Sovereign_State
etAIJgAn)8,Slovenia,Slovenien, , ,Ljubljana,Ljubljana,,,,,"<img src=""ug-flag-slovenia.svg"" />",,,"<img src=""ug-map-slovenia.png"" />",UG::Europe UG::European_Union UG::Mediterranean UG::Sovereign_State
db{up5I>x|,Spain,Spanien, , ,Madrid,Madrid,,,,,"<img src=""ug-flag-spain.svg"" />",,,"<img src=""ug-map-spain.png"" />",UG::Europe UG::European_Union UG::Mediterranean UG::Sovereign_State
q]au(Cz(^`,Sweden,Sverige, , ,Stockholm,Stockholm,,,,,"<img src=""ug-flag-sweden.svg"" />",,,"<img src=""ug-map-sweden.png"" />",UG::Europe UG::European_Union UG::Sovereign_State
j^y9}r#a`i,Switzerland,Schweiz, , ,Bern,Bern,Switzerland has no official capital; Bern is the de facto capital.,,,,"<img src=""ug-flag-switzerland.svg"" />",,,"<img src=""ug-map-switzerland.png"" />",UG::Europe UG::Sovereign_State
h(8o@usM_h,Turkey,Turkiet, , ,Ankara,Ankara,,,,,"<img src=""ug-flag-turkey.svg"" />",,,"<img src=""ug-map-turkey.png"" />",UG::Asia UG::Mediterranean UG::Middle_East UG::Sovereign_State
fGeuUP`?$F,Ukraine,Ukraina, , ,Kiev,Kiev,,,,,"<img src=""ug-flag-ukraine.svg"" />",,,"<img src=""ug-map-ukraine.png"" />",UG::Europe UG::Sovereign_State
kW{?TY+Qy@,Vatican City,Vatikanstaten, , ,Vatican City,Vatikanstaden,,,,,"<img src=""ug-flag-vatican_city.svg"" />",,,"<img src=""ug-map-vatican_city.png"" />",UG::Europe UG::Sovereign_State
aoo{E3^%kC,Armenia,Armenien, , ,Yerevan,Jerevan,,,,,"<img src=""ug-flag-armenia.svg"" />",,,"<img src=""ug-map-armenia.png"" />",UG::Europe UG::Sovereign_State
iWJ];?5|N/,Cyprus,Cypern, , ,Nicosia,Nicosia,,Även känd som Lefkosia,,,"<img src=""ug-flag-cyprus.svg"" />",,,"<img src=""ug-map-cyprus.png"" />",UG::Asia UG::European_Union UG::Mediterranean UG::Middle_East UG::Sovereign_State
gMdH0b17|`,Kazakhstan,Kazakstan, , ,Nur-Sultan,Nur-Sultan,Known as Astana until March 2019.,,,,"<img src=""ug-flag-kazakhstan.svg"" />",,,"<img src=""ug-map-kazakhstan.png"" />",UG::Asia UG::Sovereign_State
hmmcO+mVAb,Egypt,Egypten, , ,Cairo,Kairo,,,,,"<img src=""ug-flag-egypt.svg"" />","Iraq (text instead of emblem), Syria (two stars instead of emblem), Yemen (no emblem)",,"<img src=""ug-map-egypt.png"" />",UG::Africa UG::Mediterranean UG::Middle_East UG::Sovereign_State
~PH%PYbY:P,Algeria,Algeriet, , ,Algiers,Alger,,,,,"<img src=""ug-flag-algeria.svg"" />",,,"<img src=""ug-map-algeria.png"" />",UG::Africa UG::Mediterranean UG::Sovereign_State
mZ-*)8}IxB,Angola,Angola, , ,Luanda,Luanda,,,,,"<img src=""ug-flag-angola.svg"" />",,,"<img src=""ug-map-angola.png"" />",UG::Africa UG::Sovereign_State
ohN$h{pHf],Benin,Benin, , ,Porto-Novo,Porto-Novo,"While Porto-Novo is the official capital, Cotonou is the de facto seat of government.",,,,"<img src=""ug-flag-benin.svg"" />",,,"<img src=""ug-map-benin.png"" />",UG::Africa UG::Sovereign_State UG::West_Africa
s1Q[`L|V6P,Botswana,Botswana, , ,Gaborone,Gaborone,,,,,"<img src=""ug-flag-botswana.svg"" />",,,"<img src=""ug-map-botswana.png"" />",UG::Africa UG::Sovereign_State
lwciw@?|$;,Burkina Faso,Burkina Faso, , ,Ouagadougou,Ouagadougou,,,,,"<img src=""ug-flag-burkina_faso.svg"" />",,,"<img src=""ug-map-burkina_faso.png"" />",UG::Africa UG::Sovereign_State UG::West_Africa
hb):vKw1c>,Cameroon,Kamerun, , ,Yaoundé,Yaoundé,,,,,"<img src=""ug-flag-cameroon.svg"" />","Senegal (green/yellow/red, green star)",,"<img src=""ug-map-cameroon.png"" />",UG::Africa UG::Sovereign_State
9`VLOuNai,Burundi,Burundi, , ,Gitega,Gitega,Official capital was moved from Bujumbura to Gitega in 2019.,Tidigare Kitega,,,"<img src=""ug-flag-burundi.svg"" />",,,"<img src=""ug-map-burundi.png"" />",UG::Africa UG::East_Africa UG::Sovereign_State
e*/VR.:h;F,Cape Verde,Kap Verde,Also known as Cabo Verde., ,Praia,Praia,,,,,"<img src=""ug-flag-cape_verde.svg"" />",,,"<img src=""ug-map-cape_verde.png"" />",UG::Africa UG::Sovereign_State UG::West_Africa
eQ:9s?2zZU,São Tomé and Príncipe,São Tomé och Príncipe, , ,São Tomé,São Tomé,,,,,"<img src=""ug-flag-sao_tome_and_principe.svg"" />",,,"<img src=""ug-map-sao_tome_and_principe.png"" />",UG::Africa UG::Sovereign_State
t<Q!b5r0kq,Central African Republic,Centralafrikanska republiken, , ,Bangui,Bangui,,,,,"<img src=""ug-flag-central_african_republic.svg"" />",,,"<img src=""ug-map-central_african_republic.png"" />",UG::Africa UG::Sovereign_State
uZ8&OrOv.,Chad,Tchad, , ,N'Djamena,N'Djamena,,,,,"<img src=""ug-flag-chad.svg"" />",Romania (slightly lighter blue),,"<img src=""ug-map-chad.png"" />",UG::Africa UG::Sovereign_State
e|)V<AG59U,Equatorial Guinea,Ekvatorialguinea, , ,Malabo,Malabo,,,,,"<img src=""ug-flag-equatorial_guinea.svg"" />",,,"<img src=""ug-map-equatorial_guinea.png"" />",UG::Africa UG::Sovereign_State
hyMNY#zi)J,Kenya,Kenya, , ,Nairobi,Nairobi,,,,,"<img src=""ug-flag-kenya.svg"" />",,,"<img src=""ug-map-kenya.png"" />",UG::Africa UG::East_Africa UG::Sovereign_State
rHKHOF]51m,Comoros,Komorerna, , ,Moroni,Moroni,,,,,"<img src=""ug-flag-comoros.svg"" />",,,"<img src=""ug-map-comoros.png"" />",UG::Africa UG::East_Africa UG::Sovereign_State
"h<B?Kff,?3",Ivory Coast,Elfenbenskusten,Officially Côte d'Ivoire., ,Yamoussoukro,Yamoussoukro,"While Yamoussoukro is the official capital, Abidjan is the de facto seat of government.",Även Yamassoukro,,,"<img src=""ug-flag-ivory_coast.svg"" />","Ireland (orange and green flipped, wider)",,"<img src=""ug-map-ivory_coast.png"" />",UG::Africa UG::Sovereign_State UG::West_Africa
mc@<f(]Gv>,Democratic Republic of the Congo,Kongo-Kinshasa,Formerly Zaire.,Formellt Demokratiska republiken Kongo,Kinshasa,Kinshasa,,,,,"<img src=""ug-flag-democratic_republic_of_the_congo.svg"" />",,,"<img src=""ug-map-democratic_republic_of_the_congo.png"" />",UG::Africa UG::Sovereign_State
g@t>u&t7.H,Djibouti,Djibouti, , ,Djibouti,Djibouti,,,,,"<img src=""ug-flag-djibouti.svg"" />",,,"<img src=""ug-map-djibouti.png"" />",UG::Africa UG::East_Africa UG::Sovereign_State
gF*cjel^E`,Guinea-Bissau,Guinea-Bissau, , ,Bissau,Bissau,,,,,"<img src=""ug-flag-guinea-bissau.svg"" />",,,"<img src=""ug-map-guinea-bissau.png"" />",UG::Africa UG::Sovereign_State UG::West_Africa
n[w!Z!QIms,Eritrea,Eritrea, , ,Asmara,Asmara,,Även Asmera,,,"<img src=""ug-flag-eritrea.svg"" />",,,"<img src=""ug-map-eritrea.png"" />",UG::Africa UG::East_Africa UG::Sovereign_State
rJP|Fq%{S_,Ethiopia,Etiopien, , ,Addis Ababa,Addis Abeba,,,,,"<img src=""ug-flag-ethiopia.svg"" />",,,"<img src=""ug-map-ethiopia.png"" />",UG::Africa UG::East_Africa UG::Sovereign_State
nu62w6<{gY,Gabon,Gabon, , ,Libreville,Libreville,,,,,"<img src=""ug-flag-gabon.svg"" />",,,"<img src=""ug-map-gabon.png"" />",UG::Africa UG::Sovereign_State
"dk~o,wVUe(",The Gambia,Gambia, , ,Banjul,Banjul,,,,,"<img src=""ug-flag-the_gambia.svg"" />",,,"<img src=""ug-map-the_gambia.png"" />",UG::Africa UG::Sovereign_State UG::West_Africa
m<X7X:v50H,Lesotho,Lesotho, , ,Maseru,Maseru,,Även Masero,,,"<img src=""ug-flag-lesotho.svg"" />",,,"<img src=""ug-map-lesotho.png"" />",UG::Africa UG::Sovereign_State
l4=~eHE=:*,Liberia,Liberia, , ,Monrovia,Monrovia,,,,,"<img src=""ug-flag-liberia.svg"" />",,,"<img src=""ug-map-liberia.png"" />",UG::Africa UG::Sovereign_State UG::West_Africa
kIVVY9}bmG,Madagascar,Madagaskar, , ,Antananarivo,Antananarivo,,,,,"<img src=""ug-flag-madagascar.svg"" />",,,"<img src=""ug-map-madagascar.png"" />",UG::Africa UG::East_Africa UG::Sovereign_State
q[[qx>.3a5,Malawi,Malawi, , ,Lilongwe,Lilongwe,,,,,"<img src=""ug-flag-malawi.svg"" />",,,"<img src=""ug-map-malawi.png"" />",UG::Africa UG::East_Africa UG::Sovereign_State
btY}*E#+`],Mali,Mali, , ,Bamako,Bamako,,,,,"<img src=""ug-flag-mali.svg"" />","Guinea (green and red flipped, slightly darker green)",,"<img src=""ug-map-mali.png"" />",UG::Africa UG::Sovereign_State UG::West_Africa
h//ne3{*x9,Mauritania,Mauretanien, , ,Nouakchott,Nouakchott,,,,,"<img src=""ug-flag-mauritania.svg"" />",,,"<img src=""ug-map-mauritania.png"" />",UG::Africa UG::Sovereign_State UG::West_Africa
"qW/,kuWe+E",Mauritius,Mauritius, , ,Port Louis,Port Louis,,,,,"<img src=""ug-flag-mauritius.svg"" />",,,"<img src=""ug-map-mauritius.png"" />",UG::Africa UG::East_Africa UG::Sovereign_State
"kUnRN]-;`,",Morocco,Marocko, , ,Rabat,Rabat,,,,,"<img src=""ug-flag-morocco.svg"" />",,,"<img src=""ug-map-morocco.png"" />",UG::Africa UG::Mediterranean UG::Sovereign_State
tSLQg?yaPz,Mozambique,Moçambique, , ,Maputo,Maputo,,,,,"<img src=""ug-flag-mozambique.svg"" />",,,"<img src=""ug-map-mozambique.png"" />",UG::Africa UG::East_Africa UG::Sovereign_State
kWOJ?~AG$#,Namibia,Namibia, , ,Windhoek,Windhoek,,,,,"<img src=""ug-flag-namibia.svg"" />",,,"<img src=""ug-map-namibia.png"" />",UG::Africa UG::Sovereign_State
hO2eO)5onp,Niger,Niger, , ,Niamey,Niamey,,,,,"<img src=""ug-flag-niger.svg"" />",,,"<img src=""ug-map-niger.png"" />",UG::Africa UG::Sovereign_State UG::West_Africa
q%cY_.1/yj,Nigeria,Nigeria, , ,Abuja,Abuja,,,,,"<img src=""ug-flag-nigeria.svg"" />",,,"<img src=""ug-map-nigeria.png"" />",UG::Africa UG::Sovereign_State UG::West_Africa
"sJ)FW9UF,&",Republic of the Congo,Kongo-Brazzaville, ,Formellt Republiken Kongo,Brazzaville,Brazzaville,,,,,"<img src=""ug-flag-republic_of_the_congo.svg"" />",,,"<img src=""ug-map-republic_of_the_congo.png"" />",UG::Africa UG::Sovereign_State
hpQkX6n$.*,Rwanda,Rwanda, , ,Kigali,Kigali,,,,,"<img src=""ug-flag-rwanda.svg"" />",,,"<img src=""ug-map-rwanda.png"" />",UG::Africa UG::East_Africa UG::Sovereign_State
rt`v%xKZAN,Senegal,Senegal, , ,Dakar,Dakar,,,,,"<img src=""ug-flag-senegal.svg"" />","Cameroon (green/red/yellow, yellow star)",,"<img src=""ug-map-senegal.png"" />",UG::Africa UG::Sovereign_State UG::West_Africa
f3)B2N]t)@,Seychelles,Seychellerna, , ,Victoria,Victoria,,,,,"<img src=""ug-flag-seychelles.svg"" />",,,"<img src=""ug-map-seychelles.png"" />",UG::Africa UG::East_Africa UG::Sovereign_State
sOb`>T?fSr,Sierra Leone,Sierra Leone, , ,Freetown,Freetown,,,,,"<img src=""ug-flag-sierra_leone.svg"" />",,,"<img src=""ug-map-sierra_leone.png"" />",UG::Africa UG::Sovereign_State UG::West_Africa
cu1g@NblAd,South Africa,Sydafrika, , ,"Pretoria, Cape Town, Bloemfontein","Pretoria, Kapstaden, Bloemfontein","South Africa has no legally defined capital: the branches of government are split over three cities: Pretoria (executive), Cape Town (legislative) and Bloemfontein (judicial).",,,,"<img src=""ug-flag-south_africa.svg"" />",,,"<img src=""ug-map-south_africa.png"" />",UG::Africa UG::Sovereign_State
iv2`s6j8.F,Sudan,Sudan, , ,Khartoum,Khartoum,,,,,"<img src=""ug-flag-sudan.svg"" />","Palestine (red arrow, green stripe)",,"<img src=""ug-map-sudan.png"" />",UG::Africa UG::Sovereign_State
ce:l#d*BY_,Eswatini,Swaziland,Known as Swaziland until 2018.,Även känt som Eswatini,Mbabane,Mbabane,"While Mbabane is the official, executive capital, Lobamba is the traditional, spiritual and legislative capital.",,,,"<img src=""ug-flag-eswatini.svg"" />",,,"<img src=""ug-map-eswatini.png"" />",UG::Africa UG::Sovereign_State
nw=/_pNoq?,Tanzania,Tanzania, , ,Dodoma,Dodoma,"While Dodoma is the official capital, Dar es Salaam is the de facto seat of government.",,,,"<img src=""ug-flag-tanzania.svg"" />",,,"<img src=""ug-map-tanzania.png"" />",UG::Africa UG::East_Africa UG::Sovereign_State
rr3dJmql2q,Togo,Togo, , ,Lomé,Lomé,,,,,"<img src=""ug-flag-togo.svg"" />",,,"<img src=""ug-map-togo.png"" />",UG::Africa UG::Sovereign_State UG::West_Africa
d_DiXa|fP%,Tunisia,Tunisien, , ,Tunis,Tunis,,,,,"<img src=""ug-flag-tunisia.svg"" />",,,"<img src=""ug-map-tunisia.png"" />",UG::Africa UG::Mediterranean UG::Sovereign_State
e4=DR/pxJO,Uganda,Uganda, , ,Kampala,Kampala,,,,,"<img src=""ug-flag-uganda.svg"" />",,,"<img src=""ug-map-uganda.png"" />",UG::Africa UG::East_Africa UG::Sovereign_State
a$T5KE(n!#,Sahrawi Arab Democratic Republic,Sahariska arabiska demokratiska republiken,Partially recognised state claimed by Morocco.,Även känt som Västsahariska republiken,Laayoune,al-Ayun,"While Laayoune, also known as El Aaiún, is the declared capital, Tifariti is the de facto seat of government.","Även al-'Ayun, El Aaiún",,,"<img src=""ug-flag-sahrawi_arab_democratic_republic.svg"" />",,,"<img src=""ug-map-sahrawi_arab_democratic_republic.png"" />",UG::Africa UG::Sovereign_State
d98-ll&5O!,Zambia,Zambia, , ,Lusaka,Lusaka,,,,,"<img src=""ug-flag-zambia.svg"" />",,,"<img src=""ug-map-zambia.png"" />",UG::Africa UG::East_Africa UG::Sovereign_State
"py.},59SZz",Zimbabwe,Zimbabwe, , ,Harare,Harare,,Tidigare Salisbury,,,"<img src=""ug-flag-zimbabwe.svg"" />",,,"<img src=""ug-map-zimbabwe.png"" />",UG::Africa UG::East_Africa UG::Sovereign_State
cB]XeL7sC?,Canary Islands,Kanarieöarna,Autonomous community of Spain., , , ,,,,,,,,"<img src=""ug-map-canary_islands.png"" />",UG::Africa
keRnJo7r)C,Afghanistan,Afghanistan, , ,Kabul,Kabul,,,,,"<img src=""ug-flag-afghanistan.png"" />",,,"<img src=""ug-map-afghanistan.png"" />",UG::Asia UG::Sovereign_State
q5<Hr:l]lD,Bahrain,Bahrain, ,Alternativt Bahrein,Manama,Manama,,,,,"<img src=""ug-flag-bahrain.svg"" />","Qatar (wider, more serrated edges, maroon)",,"<img src=""ug-map-bahrain.png"" />",UG::Asia UG::Middle_East UG::Sovereign_State
jrw*QcSd7),Bangladesh,Bangladesh, , ,Dhaka,Dhaka,,Även Dacca,,,"<img src=""ug-flag-bangladesh.svg"" />",,,"<img src=""ug-map-bangladesh.png"" />",UG::Asia UG::Sovereign_State
i?s-)M+3LC,Bhutan,Bhutan, , ,Thimphu,Thimphu,,,,,"<img src=""ug-flag-bhutan.svg"" />",,,"<img src=""ug-map-bhutan.png"" />",UG::Asia UG::Sovereign_State
q|wxe1INFn,Brunei,Brunei, , ,Bandar Seri Begawan,Bandar Seri Begawan,,,,,"<img src=""ug-flag-brunei.svg"" />",,,"<img src=""ug-map-brunei.png"" />",UG::Asia UG::Southeast_Asia UG::Sovereign_State
k.(}S1;!u+,China,Kina, , ,Beijing,Peking,,Även Beijing,,,"<img src=""ug-flag-china.svg"" />",,,"<img src=""ug-map-china.png"" />",UG::Asia UG::Sovereign_State
~`lJPp4XaN,Cambodia,Kambodja, , ,Phnom Penh,Phnom Penh,,,,,"<img src=""ug-flag-cambodia.svg"" />",,,"<img src=""ug-map-cambodia.png"" />",UG::Asia UG::Southeast_Asia UG::Sovereign_State
q9FSnNXA%>,Indonesia,Indonesien, , ,Jakarta,Jakarta,,Även Djakarta,,,"<img src=""ug-flag-indonesia.svg"" />","Monaco (narrower, darker red), Poland (red and white flipped, darker red)",,"<img src=""ug-map-indonesia.png"" />",UG::Asia UG::Southeast_Asia UG::Sovereign_State
obg]3w:]w`,India,Indien, , ,New Delhi,New Delhi,,,,,"<img src=""ug-flag-india.svg"" />",,,"<img src=""ug-map-india.png"" />",UG::Asia UG::Sovereign_State
j1J!`:2g=S,Hong Kong,Hongkong,Special Administrative Region of China., , , ,,,,,"<img src=""ug-flag-hong_kong.svg"" />",,,"<img src=""ug-map-hong_kong.png"" />",UG::Asia
kN7ucSA]77,Iran,Iran, , ,Tehran,Teheran,,,,,"<img src=""ug-flag-iran.svg"" />",,,"<img src=""ug-map-iran.png"" />",UG::Asia UG::Middle_East UG::Sovereign_State
gV:vI&!;j7,Israel,Israel, , ,Jerusalem,Jerusalem,,,,,"<img src=""ug-flag-israel.svg"" />",,,"<img src=""ug-map-israel.png"" />",UG::Asia UG::Mediterranean UG::Middle_East UG::Sovereign_State
h-e/pKcWcK,Iraq,Irak, , ,Baghdad,Bagdad,,,,,"<img src=""ug-flag-iraq.svg"" />","Egypt (emblem instead of text), Syria (two stars instead of text), Yemen (no text)",,"<img src=""ug-map-iraq.png"" />",UG::Asia UG::Middle_East UG::Sovereign_State
fBIl?(O;GK,South Korea,Sydkorea, , ,Seoul,Seoul,,,,,"<img src=""ug-flag-south_korea.svg"" />",,,"<img src=""ug-map-south_korea.png"" />",UG::Asia UG::Sovereign_State
pf9?iCrnq3,North Korea,Nordkorea, , ,Pyongyang,Pyongyang,,,,,"<img src=""ug-flag-north_korea.svg"" />",,,"<img src=""ug-map-north_korea.png"" />",UG::Asia UG::Sovereign_State
gpAm`b+<@$,Jordan,Jordanien, , ,Amman,Amman,,,,,"<img src=""ug-flag-jordan.svg"" />",,,"<img src=""ug-map-jordan.png"" />",UG::Asia UG::Middle_East UG::Sovereign_State
jKz8&brS?Q,Japan,Japan, , ,Tokyo,Tokyo,,,,,"<img src=""ug-flag-japan.svg"" />",,,"<img src=""ug-map-japan.png"" />",UG::Asia UG::Sovereign_State
k5Lsw~?CS<,Lebanon,Libanon, , ,Beirut,Beirut,,,,,"<img src=""ug-flag-lebanon.svg"" />",,,"<img src=""ug-map-lebanon.png"" />",UG::Asia UG::Mediterranean UG::Middle_East UG::Sovereign_State
g`wTk)sEO;,Laos,Laos, , ,Vientiane,Vientiane,,,,,"<img src=""ug-flag-laos.svg"" />",,,"<img src=""ug-map-laos.png"" />",UG::Asia UG::Southeast_Asia UG::Sovereign_State
nWR|<-!<3D,Kyrgyzstan,Kirgizistan, , ,Bishkek,Bisjkek,,,,,"<img src=""ug-flag-kyrgyzstan.svg"" />",,,"<img src=""ug-map-kyrgyzstan.png"" />",UG::Asia UG::Sovereign_State
c6[_RRw1RP,Kuwait,Kuwait, , ,Kuwait City,Kuwait,,,,,"<img src=""ug-flag-kuwait.svg"" />",,,"<img src=""ug-map-kuwait.png"" />",UG::Asia UG::Middle_East UG::Sovereign_State
jqRl$9tc|=,Myanmar,Myanmar,Also known as Burma.,Även känt som Burma,Naypyidaw,Naypyidaw,,Även Nay Pyi Taw,,,"<img src=""ug-flag-myanmar.svg"" />",,,"<img src=""ug-map-myanmar.png"" />",UG::Asia UG::Southeast_Asia UG::Sovereign_State
bcKCjo|@FB,Mongolia,Mongoliet, , ,Ulaanbaatar,Ulan Bator,,Även Ulaanbaatar,,,"<img src=""ug-flag-mongolia.svg"" />",,,"<img src=""ug-map-mongolia.png"" />",UG::Asia UG::Sovereign_State
f{.=@!vp[F,Maldives,Maldiverna, , ,Malé,Malé,,,,,"<img src=""ug-flag-maldives.svg"" />",,,"<img src=""ug-map-maldives.png"" />",UG::Asia UG::Sovereign_State
kW|_Dl/sH;,Malaysia,Malaysia, , ,Kuala Lumpur,Kuala Lumpur,,,,,"<img src=""ug-flag-malaysia.svg"" />",,,"<img src=""ug-map-malaysia.png"" />",UG::Asia UG::Southeast_Asia UG::Sovereign_State
"c$,^My)7,o",Oman,Oman, , ,Muscat,Muskat,,"Även Masqat, Maskat, Muscat, Mascate",,,"<img src=""ug-flag-oman.svg"" />",,,"<img src=""ug-map-oman.png"" />",UG::Asia UG::Middle_East UG::Sovereign_State
"jc,5d-!25%",Nepal,Nepal, , ,Kathmandu,Katmandu,,Även Kathmandu,,,"<img src=""ug-flag-nepal-nobox.svg"" />",,,"<img src=""ug-map-nepal.png"" />",UG::Asia UG::Sovereign_State
eyzMdbI<py,Palestine,Palestina, , ,Ramallah,Ramallah,,,,,"<img src=""ug-flag-palestine.svg"" />","Sudan (green arrow, red stripe)",,"<img src=""ug-map-palestine.png"" />",UG::Asia UG::Mediterranean UG::Middle_East UG::Sovereign_State
g-=f.1BY3@,Pakistan,Pakistan, , ,Islamabad,Islamabad,,,,,"<img src=""ug-flag-pakistan.svg"" />",,,"<img src=""ug-map-pakistan.png"" />",UG::Asia UG::Sovereign_State
"kIW,oO0t&9",Qatar,Qatar, ,Alternativt Katar,Doha,Doha,,,,,"<img src=""ug-flag-qatar.svg"" />","Bahrain (narrower, fewer serrated edges, red)",,"<img src=""ug-map-qatar.png"" />",UG::Asia UG::Middle_East UG::Sovereign_State
"jZB|XiS`N,",Saudi Arabia,Saudiarabien, , ,Riyadh,Riyadh,,,,,"<img src=""ug-flag-saudi_arabia.svg"" />",,,"<img src=""ug-map-saudi_arabia.png"" />",UG::Asia UG::Middle_East UG::Sovereign_State
a:xcf2;d`h,Singapore,Singapore, , ,Singapore,Singapore,,,,,"<img src=""ug-flag-singapore.svg"" />",,,"<img src=""ug-map-singapore.png"" />",UG::Asia UG::Southeast_Asia UG::Sovereign_State
czq?(.f9rK,Syria,Syrien, , ,Damascus,Damaskus,,,,,"<img src=""ug-flag-syria.svg"" />","Egypt (emblem instead of stars), Iraq (text instead of stars), Yemen (no stars)",,"<img src=""ug-map-syria.png"" />",UG::Asia UG::Mediterranean UG::Middle_East UG::Sovereign_State
kDeaNFo$(Q,Taiwan,Taiwan,Partially recognised state claimed by China., ,Taipei,Taipei,,,,,"<img src=""ug-flag-taiwan.svg"" />",,,"<img src=""ug-map-taiwan.png"" />",UG::Asia UG::Sovereign_State
ei3G6ous#%,Sri Lanka,Sri Lanka, , ,Sri Jayawardenepura Kotte,Sri Jayawardenapura,"Colombo is often referred to as the capital but Sri Jayawardenepura Kotte, a suburb of Colombo, is the official, legislative capital.","Även Kotte, Sri Jayawardenapura Kotte",,,"<img src=""ug-flag-sri_lanka.svg"" />",,,"<img src=""ug-map-sri_lanka.png"" />",UG::Asia UG::Sovereign_State
eLiW%Al2Is,Tajikistan,Tadzjikistan, , ,Dushanbe,Dusjanbe,,,,,"<img src=""ug-flag-tajikistan.svg"" />",,,"<img src=""ug-map-tajikistan.png"" />",UG::Asia UG::Sovereign_State
f)aQmJp.B?,Thailand,Thailand, , ,Bangkok,Bangkok,,,,,"<img src=""ug-flag-thailand.svg"" />",,,"<img src=""ug-map-thailand.png"" />",UG::Asia UG::Southeast_Asia UG::Sovereign_State
"d@=,E(oqDu",East Timor,Östtimor,Also known as Timor-Leste.,Även känt som Timor-Leste,Dili,Dili,,,,,"<img src=""ug-flag-east_timor.svg"" />",,,"<img src=""ug-map-east_timor.png"" />",UG::Asia UG::Southeast_Asia UG::Sovereign_State
mLG*@5t=NG,United Arab Emirates,Förenade Arabemiraten, , ,Abu Dhabi,Abu Dhabi,,,,,"<img src=""ug-flag-united_arab_emirates.svg"" />",,,"<img src=""ug-map-united_arab_emirates.png"" />",UG::Asia UG::Middle_East UG::Sovereign_State
stDJ0UMUpB,Turkmenistan,Turkmenistan, , ,Ashgabat,Asjchabad,,Även Asjgabat,,,"<img src=""ug-flag-turkmenistan.svg"" />",,,"<img src=""ug-map-turkmenistan.png"" />",UG::Asia UG::Sovereign_State
cd|8X=p-KA,Yemen,Jemen, ,Alternativt Yemen,Sana'a,Sanaa,,"Även Sana’a, Sana",,,"<img src=""ug-flag-yemen.svg"" />","Egypt (with emblem), Iraq (with text), Syria (with two stars)",,"<img src=""ug-map-yemen.png"" />",UG::Asia UG::Middle_East UG::Sovereign_State
n(u/Le9LCH,Vietnam,Vietnam, , ,Hanoi,Hanoi,,,,,"<img src=""ug-flag-vietnam.svg"" />",,,"<img src=""ug-map-vietnam.png"" />",UG::Asia UG::Southeast_Asia UG::Sovereign_State
kN&[K]7`>c,Uzbekistan,Uzbekistan, , ,Tashkent,Tasjkent,,,,,"<img src=""ug-flag-uzbekistan.svg"" />",,,"<img src=""ug-map-uzbekistan.png"" />",UG::Asia UG::Sovereign_State
e%F*sk0uaT,Fiji,Fiji, , ,Suva,Suva,,,,,"<img src=""ug-flag-fiji.svg"" />",,,"<img src=""ug-map-fiji.png"" />",UG::Oceania UG::Sovereign_State
jT[(te+7i%,Papua New Guinea,Papua Nya Guinea, , ,Port Moresby,Port Moresby,,Även Pot Mosbi,,,"<img src=""ug-flag-papua_new_guinea.svg"" />",,,"<img src=""ug-map-papua_new_guinea.png"" />",UG::Oceania UG::Sovereign_State
i~E.z}UxNF,Australia,Australien, , ,Canberra,Canberra,,,,,"<img src=""ug-flag-australia.svg"" />","New Zealand (red stars, two fewer stars)",,"<img src=""ug-map-australia.png"" />",UG::Oceania UG::Sovereign_State
pAOtFl&>U#,Solomon Islands,Salomonöarna, , ,Honiara,Honiara,,,,,"<img src=""ug-flag-solomon_islands.svg"" />",,,"<img src=""ug-map-solomon_islands.png"" />",UG::Oceania UG::Sovereign_State
"lnwLD_&,vQ",Argentina,Argentina, , ,Buenos Aires,Buenos Aires,,,,,"<img src=""ug-flag-argentina.svg"" />",,,"<img src=""ug-map-argentina.png"" />",UG::South_America UG::Sovereign_State
iT9GkRCv}3,Bolivia,Bolivia, , ,Sucre,Sucre,"While Sucre is the constitutional capital, La Paz is the seat of government.",,,,"<img src=""ug-flag-bolivia-blur.png"" /><img src=""ug-flag-bolivia.png"" />",Ghana (star instead of coat of arms),,"<img src=""ug-map-bolivia.png"" />",UG::South_America UG::Sovereign_State
q1+V%/.{Ud,Brazil,Brasilien, , ,Brasilia,Brasília,,,,,"<img src=""ug-flag-brazil.svg"" />",,,"<img src=""ug-map-brazil.png"" />",UG::South_America UG::Sovereign_State
ohAyl/RDzo,Chile,Chile, , ,Santiago,Santiago de Chile,,Ofta enbart Santiago,,,"<img src=""ug-flag-chile.svg"" />",,,"<img src=""ug-map-chile.png"" />",UG::South_America UG::Sovereign_State
f0(HVIK@$w,Colombia,Colombia, , ,Bogotá,Bogotá,,,,,"<img src=""ug-flag-colombia.svg"" />",Ecuador (with coat of arms),,"<img src=""ug-map-colombia.png"" />",UG::South_America UG::Sovereign_State
jY<1R8gh$5,Ecuador,Ecuador, , ,Quito,Quito,,,,,"<img src=""ug-flag-ecuador.png"" />",Colombia (no coat of arms),,"<img src=""ug-map-ecuador.png"" />",UG::South_America UG::Sovereign_State
ow]5&Kht`e,Guyana,Guyana, , ,Georgetown,Georgetown,,,,,"<img src=""ug-flag-guyana.svg"" />",,,"<img src=""ug-map-guyana.png"" />",UG::South_America UG::Sovereign_State
qksH)(ibFv,Paraguay,Paraguay, , ,Asunción,Asunción,,,,,"<img src=""ug-flag-paraguay-blur.svg"" /><img src=""ug-flag-paraguay.svg"" />",,,"<img src=""ug-map-paraguay.png"" />",UG::South_America UG::Sovereign_State
h%Lx8uxLJ{,Peru,Peru, , ,Lima,Lima,,,,,"<img src=""ug-flag-peru.png"" />",,,"<img src=""ug-map-peru.png"" />",UG::South_America UG::Sovereign_State
"i0)jG,7&w>",Suriname,Surinam, , ,Paramaribo,Paramaribo,,,,,"<img src=""ug-flag-suriname.svg"" />",,,"<img src=""ug-map-suriname.png"" />",UG::South_America UG::Sovereign_State
cBO(I-Le=v,Uruguay,Uruguay, , ,Montevideo,Montevideo,,,,,"<img src=""ug-flag-uruguay.svg"" />",,,"<img src=""ug-map-uruguay.png"" />",UG::South_America UG::Sovereign_State
mkj;-5D/)m,Venezuela,Venezuela, , ,Caracas,Caracas,,,,,"<img src=""ug-flag-venezuela.png"" />",,,"<img src=""ug-map-venezuela.png"" />",UG::South_America UG::Sovereign_State
qd$w_!A9y<,Cook Islands,Cooköarna, , ,Avarua,Avarua,,,,,"<img src=""ug-flag-cook_islands.svg"" />",,,"<img src=""ug-map-cook_islands.png"" />",UG::Oceania UG::Sovereign_State
iaA$(k1aV>,Federated States of Micronesia,Mikronesiens federerade stater, ,Även känt som Mikronesiska federationen,Palikir,Palikir,,,,,"<img src=""ug-flag-federated_states_of_micronesia.svg"" />",,,"<img src=""ug-map-federated_states_of_micronesia.png"" />",UG::Oceania UG::Sovereign_State
b`8}eUH!Ii,Guam,Guam,Unincorporated territory of the United States., ,Hagåtña,Hagåtña,,Tidigare Agana,,,"<img src=""ug-flag-guam-blur.svg"" /><img src=""ug-flag-guam.svg"" />",,,"<img src=""ug-map-guam.png"" />",UG::Oceania
(q~{y)|kE,Vanuatu,Vanuatu, , ,Port Vila,Port Vila,,,,,"<img src=""ug-flag-vanuatu.svg"" />",,,"<img src=""ug-map-vanuatu.png"" />",UG::Oceania UG::Sovereign_State
cBPu]M1k/$,Canada,Kanada, , ,Ottawa,Ottawa,,,,,"<img src=""ug-flag-canada.svg"" />",,,"<img src=""ug-map-canada.png"" />",UG::North_America UG::Sovereign_State
~C-y];LuK3,United States of America,USA, ,"Formellt Amerikas förenta stater, även känt som Förenta staterna","Washington, D.C.","Washington, D.C.",,,,,"<img src=""ug-flag-united_states_of_america.svg"" />",,,"<img src=""ug-map-united_states_of_america.png"" />",UG::North_America UG::Sovereign_State
"q9/,0kK9h>",Mexico,Mexiko, , ,Mexico City,Mexico City,,,,,"<img src=""ug-flag-mexico.png"" />",,,"<img src=""ug-map-mexico.png"" />",UG::North_America UG::Sovereign_State
rcI^]YY+!g,Puerto Rico,Puerto Rico,Unincorporated territory of the United States., ,San Juan,San Juan,,,,,"<img src=""ug-flag-puerto_rico.svg"" />","Cuba (red triangle, blue stripes)",,"<img src=""ug-map-puerto_rico.png"" />",UG::Caribbean UG::North_America
p>MR5vWbwJ,Cuba,Kuba, , ,Havana,Havanna,,,,,"<img src=""ug-flag-cuba.svg"" />","Puerto Rico (blue triangle, red stripes)",,"<img src=""ug-map-cuba.png"" />",UG::Caribbean UG::North_America UG::Sovereign_State
j$5&q7O&%>,Dominican Republic,Dominikanska republiken, , ,Santo Domingo,Santo Domingo,,,,,"<img src=""ug-flag-dominican_republic.png"" />",,,"<img src=""ug-map-dominican_republic.png"" />",UG::Caribbean UG::North_America UG::Sovereign_State
f}r?r8kW=^,Haiti,Haiti, , ,Port-au-Prince,Port-au-Prince,,,,,"<img src=""ug-flag-haiti.svg"" />",,,"<img src=""ug-map-haiti.png"" />",UG::Caribbean UG::North_America UG::Sovereign_State
fnDvVbeE_Z,Jamaica,Jamaica, , ,Kingston,Kingston,,,,,"<img src=""ug-flag-jamaica.svg"" />",,,"<img src=""ug-map-jamaica.png"" />",UG::Caribbean UG::North_America UG::Sovereign_State
re`5rw99TD,Trinidad and Tobago,Trinidad och Tobago, , ,Port of Spain,Port of Spain,,,,,"<img src=""ug-flag-trinidad_and_tobago.svg"" />",,,"<img src=""ug-map-trinidad_and_tobago.png"" />",UG::Caribbean UG::North_America UG::Sovereign_State
e%!;xc:jxC,Bermuda,Bermuda,Overseas territory of the United Kingdom., , , ,,,,,,,,"<img src=""ug-map-bermuda.png"" />",UG::Caribbean UG::North_America
"r]V9W,sj5i",Guadeloupe,Guadeloupe,Overseas department of France., , , ,,,,,,,,"<img src=""ug-map-guadeloupe.png"" />",UG::Caribbean UG::North_America
>e=4!;^#_,The Bahamas,Bahamas, , ,Nassau,Nassau,,,,,"<img src=""ug-flag-the_bahamas.svg"" />",,,"<img src=""ug-map-the_bahamas.png"" />",UG::Caribbean UG::North_America UG::Sovereign_State
cIMc3Nzy>W,Barbados,Barbados, , ,Bridgetown,Bridgetown,,,,,"<img src=""ug-flag-barbados.svg"" />",,,"<img src=""ug-map-barbados.png"" />",UG::Caribbean UG::North_America UG::Sovereign_State
rOVL2(d0m^,Belize,Belize, , ,Belmopan,Belmopan,,,,,"<img src=""ug-flag-belize.png"" />",,,"<img src=""ug-map-belize.png"" />",UG::North_America UG::Sovereign_State
"s,m:kRL/53",Costa Rica,Costa Rica, , ,San José,San José,,,,,"<img src=""ug-flag-costa_rica.png"" />",,,"<img src=""ug-map-costa_rica.png"" />",UG::North_America UG::Sovereign_State
il{B6F&ui9,El Salvador,El Salvador, , ,San Salvador,San Salvador,,,,,"<img src=""ug-flag-el_salvador-blur.png"" /><img src=""ug-flag-el_salvador.png"" />","Nicaragua (different coat of arms, slightly lighter blue)",,"<img src=""ug-map-el_salvador.png"" />",UG::North_America UG::Sovereign_State
b^_Av:%|%E,Guatemala,Guatemala, , ,Guatemala City,Guatemala City,,,,,"<img src=""ug-flag-guatemala.png"" />",,,"<img src=""ug-map-guatemala.png"" />",UG::North_America UG::Sovereign_State
rGPlNG/dw%,Honduras,Honduras, , ,Tegucigalpa,Tegucigalpa,,,,,"<img src=""ug-flag-honduras.svg"" />",,,"<img src=""ug-map-honduras.png"" />",UG::North_America UG::Sovereign_State
oz4yuR}6W$,Nicaragua,Nicaragua, , ,Managua,Managua,,,,,"<img src=""ug-flag-nicaragua-blur.svg"" /><img src=""ug-flag-nicaragua.svg"" />","El Salvador (different coat of arms, slightly darker blue)",,"<img src=""ug-map-nicaragua.png"" />",UG::North_America UG::Sovereign_State
t1/=+}2*3>,Panama,Panama, , ,Panama City,Panama City,,,,,"<img src=""ug-flag-panama.svg"" />",,,"<img src=""ug-map-panama.png"" />",UG::North_America UG::Sovereign_State
kb%EK<T(Tt,Antigua and Barbuda,Antigua och Barbuda, , ,St. John's,Saint John's,,,,,"<img src=""ug-flag-antigua_and_barbuda.svg"" />",,,"<img src=""ug-map-antigua_and_barbuda.png"" />",UG::Caribbean UG::North_America UG::Sovereign_State
iK~qWOheLq,Dominica,Dominica, , ,Roseau,Roseau,,,,,"<img src=""ug-flag-dominica.svg"" />",,,"<img src=""ug-map-dominica.png"" />",UG::Caribbean UG::North_America UG::Sovereign_State
tMrR6sO|1I,Saint Vincent and the Grenadines,Saint Vincent och Grenadinerna, , ,Kingstown,Kingstown,,,,,"<img src=""ug-flag-saint_vincent_and_the_grenadines.svg"" />",,,"<img src=""ug-map-saint_vincent_and_the_grenadines.png"" />",UG::Caribbean UG::North_America UG::Sovereign_State
asajU<(4|R,Somalia,Somalia, , ,Mogadishu,Mogadishu,,,,,"<img src=""ug-flag-somalia.svg"" />",,,"<img src=""ug-map-somalia.png"" />",UG::Africa UG::East_Africa UG::Sovereign_State
e1zOyx7^cj,Zanzibar,Zanzibar,Semi-autonomous region of Tanzania., , , ,,,,,,,,"<img src=""ug-map-zanzibar.png"" />",UG::Africa
e9ss7Fgu&7,Ghana,Ghana, , ,Accra,Accra,,,,,"<img src=""ug-flag-ghana.svg"" />",Bolivia (coat of arms instead of star),,"<img src=""ug-map-ghana.png"" />",UG::Africa UG::Sovereign_State UG::West_Africa
pEm(WFjeNI,Guinea,Guinea, , ,Conakry,Conakry,,Även Konakry,,,"<img src=""ug-flag-guinea.svg"" />","Mali (red and green flipped, slightly brighter green)",,"<img src=""ug-map-guinea.png"" />",UG::Africa UG::Sovereign_State UG::West_Africa
i|{O!q|&(,New Zealand,Nya Zeeland, , ,Wellington,Wellington,,,,,"<img src=""ug-flag-new_zealand.svg"" />","Australia (white stars, two more stars)",,"<img src=""ug-map-new_zealand.png"" />",UG::Oceania UG::Sovereign_State
"j,B{#x5qDF",French Polynesia,Franska Polynesien,Overseas territory of France., ,Papeete,Papeete,,,,,"<img src=""ug-flag-french_polynesia.svg"" />",,,"<img src=""ug-map-french_polynesia.png"" />",UG::Oceania
o9ivN6iIr!,Philippines,Filippinerna, , ,Manila,Manila,,Även Manilla,,,"<img src=""ug-flag-philippines.svg"" />",,,"<img src=""ug-map-philippines.png"" />",UG::Asia UG::Southeast_Asia UG::Sovereign_State
jUJSQU2P%2,Kosovo,Kosovo,Partially recognised state claimed by Serbia., ,Pristina,Pristina,,,,,"<img src=""ug-flag-kosovo.svg"" />",,,"<img src=""ug-map-kosovo.png"" />",UG::Europe UG::Sovereign_State
h3-{dj)G!E,Libya,Libyen, , ,Tripoli,Tripoli,,,,,"<img src=""ug-flag-libya.svg"" />",,,"<img src=""ug-map-libya.png"" />",UG::Africa UG::Mediterranean UG::Sovereign_State
pB$g~KqI~-,Palau,Palau, , ,Ngerulmud,Ngerulmud,,,,,"<img src=""ug-flag-palau.svg"" />",,,"<img src=""ug-map-palau.png"" />",UG::Oceania UG::Sovereign_State
jQPANR0Yq9,Saint Lucia,Saint Lucia, , ,Castries,Castries,,,,,"<img src=""ug-flag-saint_lucia.svg"" />",,,"<img src=""ug-map-saint_lucia.png"" />",UG::Caribbean UG::North_America UG::Sovereign_State
",LnVW8IL`",Bali,Bali,Island of Indonesia., , , ,,,,,,,,"<img src=""ug-map-bali.png"" />",UG::Asia
"dq,.Htg]>L",Grenada,Grenada, , ,St. George's,Saint George's,,,,,"<img src=""ug-flag-grenada.svg"" />",,,"<img src=""ug-map-grenada.png"" />",UG::Caribbean UG::North_America UG::Sovereign_State
oDGbPPlkzc,British Virgin Islands,Brittiska Jungfruöarna,Overseas territory of the United Kingdom., , , ,,,,,,,,"<img src=""ug-map-british_virgin_islands.png"" />",UG::Caribbean UG::North_America
ogLVp1-2mC,Turks and Caicos Islands,Turks- och Caicosöarna,Overseas territory of the United Kingdom., , , ,,,,,,,,"<img src=""ug-map-turks_and_caicos_islands.png"" />",UG::Caribbean UG::North_America
t8K|Gnw[k$,Cayman Islands,Caymanöarna,Overseas territory of the United Kingdom., , , ,,,,,,,,"<img src=""ug-map-cayman_islands.png"" />",UG::Caribbean UG::North_America
cy]sz097{A,Anguilla,Anguilla,Overseas territory of the United Kingdom., , , ,,,,,,,,"<img src=""ug-map-anguilla.png"" />",UG::Caribbean UG::North_America
"hz,n^64X%i",Azores,Azorerna,Autonomous region of Portugal., , , ,,,,,,,,"<img src=""ug-map-azores.png"" />",UG::Europe
mMdbj-!g%k,Curaçao,Curaçao,Constituent country of the Kingdom of the Netherlands., ,Willemstad,Willemstad,,,,,"<img src=""ug-flag-curacao.svg"" />",Nauru (single star below yellow band),,"<img src=""ug-map-curacao.png"" />",UG::Caribbean UG::North_America
~F>Y6gVJay,French Guiana,Franska Guyana,Overseas department of France., , , ,,,,,,,,"<img src=""ug-map-french_guiana.png"" />",UG::South_America
mHDrx]xo!x,Gibraltar,Gibraltar,Overseas territory of the United Kingdom., , , ,,,,,,,,"<img src=""ug-map-gibraltar.png"" />",UG::Europe UG::Mediterranean
n#k%mr&bc-,Guernsey,Guernsey,Crown dependency of the United Kingdom., , , ,,,,,,,,"<img src=""ug-map-guernsey.png"" />",UG::Europe
"a_~PL,CWhU",Isle of Man,Isle of Man,Crown dependency of the United Kingdom., , , ,,,,,,,,"<img src=""ug-map-isle_of_man.png"" />",UG::Europe
kq:]$sh13[,Jersey,Jersey,Crown dependency of the United Kingdom., , , ,,,,,,,,"<img src=""ug-map-jersey.png"" />",UG::Europe
q{72>nP`an,Kiribati,Kiribati, , ,Tarawa,Tarawa,,,,,"<img src=""ug-flag-kiribati.svg"" />",,,"<img src=""ug-map-kiribati.png"" />",UG::Oceania UG::Sovereign_State
k2lcDMRBT~,Macau,Macao,Special Administrative Region of China.,Alternativt Macau, , ,,,,,"<img src=""ug-flag-macau.svg"" />",,,"<img src=""ug-map-macau.png"" />",UG::Asia
fKTU=+DKl],Madeira,Madeira,Autonomous region of Portugal., , , ,,,,,,,,"<img src=""ug-map-madeira.png"" />",UG::Europe
c]uN7LyVsp,Marshall Islands,Marshallöarna, , ,Majuro,Majuro,,,,,"<img src=""ug-flag-marshall_islands.svg"" />",,,"<img src=""ug-map-marshall_islands.png"" />",UG::Oceania UG::Sovereign_State
t)z=hAWb]&,Nauru,Nauru, , ,Yaren,Yaren,Nauru has no official capital; the Yaren District is the de facto capital.,,,,"<img src=""ug-flag-nauru.svg"" />",Curaçao (two stars in top-left corner),,"<img src=""ug-map-nauru.png"" />",UG::Oceania UG::Sovereign_State
rVjI+Dj-jD,New Caledonia,Nya Kaledonien,Overseas territory of France., ,Nouméa,Nouméa,,,,,"<img src=""ug-flag-new_caledonia.svg"" />",,,"<img src=""ug-map-new_caledonia.png"" />",UG::Oceania
i{AO.sDnO+,Niue,Niue, , ,Alofi,Alofi,,,,,"<img src=""ug-flag-niue.svg"" />",,,"<img src=""ug-map-niue.png"" />",UG::Oceania UG::Sovereign_State
"pv9EZFj)s,",Northern Cyprus,Nordcypern,State recognised only by Turkey and claimed by Cyprus., ,North Nicosia,Nicosia,,Även känd som Lefkosia,,,"<img src=""ug-flag-northern_cyprus.svg"" />",,,"<img src=""ug-map-northern_cyprus.png"" />",UG::Asia UG::Mediterranean UG::Middle_East UG::Sovereign_State
~Dk{D{2gBH,Saint Kitts and Nevis,Saint Kitts och Nevis, , ,Basseterre,Basseterre,,,,,"<img src=""ug-flag-saint_kitts_and_nevis.svg"" />",,,"<img src=""ug-map-saint_kitts_and_nevis.png"" />",UG::Caribbean UG::North_America UG::Sovereign_State
o7)=R+6P:L,Samoa,Samoa, , ,Apia,Apia,,,,,"<img src=""ug-flag-samoa.svg"" />",,,"<img src=""ug-map-samoa.png"" />",UG::Oceania UG::Sovereign_State
h{vf&a5Zk%,Somaliland,Somaliland,Independent state claimed by Somalia., ,Hargeisa,Hargeisa,,"Även Hargeysa, Hargaysa",,,"<img src=""ug-flag-somaliland.svg"" />",,,"<img src=""ug-map-somaliland.png"" />",UG::Africa UG::East_Africa UG::Sovereign_State
jngb)i9MvC,South Sudan,Sydsudan, , ,Juba,Juba,,,,,"<img src=""ug-flag-south_sudan.svg"" />",,,"<img src=""ug-map-south_sudan.png"" />",UG::Africa UG::East_Africa UG::Sovereign_State
bQvdKppvV7,Tuvalu,Tuvalu, , ,Funafuti,Funafuti,,,,,"<img src=""ug-flag-tuvalu.svg"" />",,,"<img src=""ug-map-tuvalu.png"" />",UG::Oceania UG::Sovereign_State
i)fP+$-+Ge,United States Virgin Islands,Amerikanska Jungfruöarna,Unincorporated territory of the United States., ,Charlotte Amalie,Charlotte Amalie,,,,,"<img src=""ug-flag-united_states_virgin_islands.svg"" />",,,"<img src=""ug-map-united_states_virgin_islands.png"" />",UG::Caribbean UG::North_America
bHD8m}tJ&v,Åland Islands,Åland,Autonomous region of Finland., ,Mariehamn,Mariehamn,,,,,"<img src=""ug-flag-aland_islands.svg"" />",,,"<img src=""ug-map-aland_islands.png"" />",UG::Europe
nE1cs;TFgo,South Ossetia,Sydossetien,Independent state claimed by Georgia., ,Tskhinvali,Tschinvali,,,,,"<img src=""ug-flag-south_ossetia.svg"" />",,,"<img src=""ug-map-south_ossetia.png"" />",UG::Asia UG::Sovereign_State
lU*>%[&e|.,American Samoa,Amerikanska Samoa,Unincorporated territory of the United States., , , ,,,,,,,,"<img src=""ug-map-american_samoa.png"" />",UG::Oceania
nK;HFcd-1P,Northern Mariana Islands,Nordmarianerna,Unincorporated territory of the United States., , , ,,,,,,,,"<img src=""ug-map-northern_mariana_islands.png"" />",UG::Oceania
s7{M&?)+C&,Aruba,Aruba,Constituent country of the Kingdom of the Netherlands., ,Oranjestad,Oranjestad,,,,,"<img src=""ug-flag-aruba.svg"" />",,,"<img src=""ug-map-aruba.png"" />",UG::Caribbean UG::North_America
q@4oQPt%lt,Abkhazia,Abchazien,Independent state claimed by Georgia., ,Sukhumi,Suchumi,,,,,"<img src=""ug-flag-abkhazia.svg"" />",,,"<img src=""ug-map-abkhazia.png"" />",UG::Europe UG::Sovereign_State
~Z$*giAq2R,Sint Maarten,Sint Maarten,Constituent country of the Kingdom of the Netherlands., , , ,,,,,,,,"<img src=""ug-map-sint_maarten.png"" />",UG::Caribbean UG::North_America
c!s:Fj2c:e,Republic of Artsakh,Nagorno-Karabach,"Independent state claimed by Azerbaijan, formerly known as Nagorno-Karabakh.",Även känt som Republiken Artsach,Stepanakert,Stepanakert,,Sedan 2017 officiellt Republiken Artsach,,,"<img src=""ug-flag-republic_of_artsakh.svg"" />",,,"<img src=""ug-map-republic_of_artsakh.png"" />",UG::Asia UG::Sovereign_State
aFoG$7c-N0,Tonga,Tonga, , ,Nukuʻalofa,Nuku'alofa,,Även Nukualofa,,,"<img src=""ug-flag-tonga.svg"" />",,,"<img src=""ug-map-tonga.png"" />",UG::Oceania UG::Sovereign_State
r;-09<YGl$,Transnistria,Transnistrien,Independent state claimed by Moldova., ,Tiraspol,Tiraspol,,,,,"<img src=""ug-flag-transnistria.svg"" />",,,"<img src=""ug-map-transnistria.png"" />",UG::Europe UG::Sovereign_State
h/)!YCH&na,Sardinia,Sardinien,Autonomous region of Italy., , , ,,,,,,,,"<img src=""ug-map-sardinia.png"" />",UG::Europe
b&sLa#a&vn,Kaliningrad Oblast,Kaliningrad oblast,Oblast (administrative region) of the Russian Federation.,Även känt som Ryska Östpreussen, , ,,,,,,,,"<img src=""ug-map-kaliningrad_oblast.png"" />",UG::Europe
sxF2<dV=;U,Martinique,Martinique,Overseas department of France., , , ,,,,,,,,"<img src=""ug-map-martinique.png"" />",UG::Caribbean UG::North_America
e(0+:Olb[9,Java,Java,Island of Indonesia., , , ,,,,,,,,"<img src=""ug-map-java.png"" />",UG::Asia
2N$NqX&k.,Corsica,Korsika,Region of France., , , ,,,,,,,,"<img src=""ug-map-corsica.png"" />",UG::Europe
z47ZI4{%6m,European Union,Europeiska unionen, , ,Brussels,Bryssel,"Brussels is the seat of the executive branch, but the European Union has institutions in other European cities.",,Not a sovereign country,,"<img src=""ug-flag-european_union.svg"" />",,,"<img src=""ug-map-european_union.png"" />",UG::Europe
H=>r?{J3T>,Gulf of Mexico,Mexikanska golfen, , , , ,,,,,,,,"<img src=""ug-map-gulf_of_mexico.png"" />",UG::Oceans+Seas
EvBBgdOH>L,Philippine Sea,Filippinska sjön, , , , ,,,,,,,,"<img src=""ug-map-philippine_sea.png"" />",UG::Oceans+Seas
J>%}8KJ$/P,Southern Ocean,Antarktiska oceanen, , , , ,,,,,,,,"<img src=""ug-map-southern_ocean-nobox.png"" />",UG::Oceans+Seas
p[VL?c~DNl,Gulf of Thailand,Thailandviken,Also known as the Gulf of Siam., , , ,,,,,,,,"<img src=""ug-map-gulf_of_thailand.png"" />",UG::Oceans+Seas
a7n-YbtFyN,Micronesia,Mikronesien,Subregion of Oceania comprising thousands of small islands in the western Pacific Ocean., , , ,,,,,,,,"<img src=""ug-map-micronesia.png"" />",UG::Oceania
dq|xYN)MGZ,Pacific Ocean,Stilla havet, , , , ,,,,,,,,"<img src=""ug-map-pacific_ocean-nobox.png"" />",UG::Oceans+Seas
l6?c8ziNbK,Atlantic Ocean,Atlanten, , , , ,,,,,,,,"<img src=""ug-map-atlantic_ocean-nobox.png"" />",UG::Oceans+Seas
d]f3d/htPe,Indian Ocean,Indiska oceanen, , , , ,,,,,,,,"<img src=""ug-map-indian_ocean-nobox.png"" />",UG::Oceans+Seas
"e+b<[K.t,Y",Arctic Ocean,Norra ishavet, , , , ,,,,,,,,"<img src=""ug-map-arctic_ocean-nobox.png"" />",UG::Oceans+Seas
q;`%:Y|$[Z,Hudson Bay,Hudson Bay, , , , ,,,,,,,,"<img src=""ug-map-hudson_bay.png"" />",UG::Oceans+Seas
bX?b@#G`+b,Labrador Sea,Labradorhavet, , , , ,,,,,,,,"<img src=""ug-map-labrador_sea.png"" />",UG::Oceans+Seas
a)/A6i.IDE,White Sea,Vita havet, , , , ,,,,,,,,"<img src=""ug-map-white_sea.png"" />",UG::Oceans+Seas
c<gAS-(0qJ,Denmark Strait,Danmarksundet, , , , ,,,,,,,,"<img src=""ug-map-denmark_strait.png"" />",UG::Oceans+Seas
j1yLgdVnj),Norwegian Sea,Norska havet, , , , ,,,,,,,,"<img src=""ug-map-norwegian_sea.png"" />",UG::Oceans+Seas
c130}t)$BS,Baltic Sea,Östersjön, , , , ,,,,,,,,"<img src=""ug-map-baltic_sea.png"" />",UG::Oceans+Seas
Cc2l|nvbk^,Celtic Sea,Keltiska havet, , , , ,,,,,,,,"<img src=""ug-map-celtic_sea.png"" />",UG::Oceans+Seas
oa;|#Te:Ae,English Channel,Engelska kanalen, , , , ,,,,,,,,"<img src=""ug-map-english_channel.png"" />",UG::Oceans+Seas
w{s0UWM|x@,Adriatic Sea,Adriatiska havet, , , , ,,,,,,,,"<img src=""ug-map-adriatic_sea.png"" />",UG::Oceans+Seas
FqKy-)oA4;,Bay of Biscay,Biscayabukten, , , , ,,,,,,,,"<img src=""ug-map-bay_of_biscay.png"" />",UG::Oceans+Seas
cGtK7?SaPc,Black Sea,Svarta havet, , , , ,,,,,,,,"<img src=""ug-map-black_sea.png"" />",UG::Oceans+Seas
g%pc9WITZo,Aegean Sea,Egeiska havet, , , , ,,,,,,,,"<img src=""ug-map-aegean_sea.png"" />",UG::Oceans+Seas
x[Kzpy@s~;,Balkan Peninsula,Balkanhalvön, ,Även känt som Balkan, , ,,,,,,,,"<img src=""ug-map-balkan_peninsula.png"" />",UG::Europe
vbL}V{98ON,Caspian Sea,Kaspiska havet, , , , ,,,,,,,,"<img src=""ug-map-caspian_sea.png"" />",UG::Oceans+Seas
EZtX|@m?Q2,Mediterranean Sea,Medelhavet, , , , ,,,,,,,,"<img src=""ug-map-mediterranean_sea.png"" />",UG::Oceans+Seas
e@@^AV+dAM,East Siberian Sea,Östsibiriska havet, , , , ,,,,,,,,"<img src=""ug-map-east_siberian_sea.png"" />",UG::Oceans+Seas
HmoM231Qq$,Bering Strait,Berings sund, , , , ,,,,,,,,"<img src=""ug-map-bering_strait.png"" />",UG::Oceans+Seas
poPdjd5HLz,Arabian Sea,Arabiska havet, ,Även känt som Arabiska sjön, , ,,,,,,,,"<img src=""ug-map-arabian_sea.png"" />",UG::Oceans+Seas
zEBFrOdfe,Red Sea,Röda havet, , , , ,,,,,,,,"<img src=""ug-map-red_sea.png"" />",UG::Oceans+Seas
zw5tXg<s5&,Dead Sea,Döda havet, , , , ,,,,,,,,"<img src=""ug-map-dead_sea.png"" />",UG::Oceans+Seas
xwmKE4lE_0,Bay of Bengal,Bengaliska viken, , , , ,,,,,,,,"<img src=""ug-map-bay_of_bengal.png"" />",UG::Oceans+Seas
bK<rY$S^s5,Sea of Japan,Japanska havet,"A naming dispute exists between the sea's bordering countries, with South Korea notably supporting the name East Sea.", , , ,,,,,,,,"<img src=""ug-map-sea_of_japan.png"" />",UG::Oceans+Seas
Je-`m3(~QF,Yellow Sea,Gula havet, ,Kallas Västhavet i Nord- och Sydkorea, , ,,,,,,,,"<img src=""ug-map-yellow_sea.png"" />",UG::Oceans+Seas
qJ+i|:p<>`,Coral Sea,Korallhavet, , , , ,,,,,,,,"<img src=""ug-map-coral_sea.png"" />",UG::Oceans+Seas
rl6`!_=m$t,South China Sea,Sydkinesiska havet, , , , ,,,,,,,,"<img src=""ug-map-south_china_sea.png"" />",UG::Oceans+Seas
"c,*wl;9I]m",Tasman Sea,Tasmanhavet, , , , ,,,,,,,,"<img src=""ug-map-tasman_sea.png"" />",UG::Oceans+Seas
n?X[ih%==F,Gulf of Carpentaria,Carpentariaviken, , , , ,,,,,,,,"<img src=""ug-map-gulf_of_carpentaria.png"" />",UG::Oceans+Seas
oU3q~Y:QR;,Aral Sea,Aralsjön, , , , ,,,,,,,,"<img src=""ug-map-aral_sea.png"" />",UG::Oceans+Seas
KlJJ`wS@RY,Persian Gulf,Persiska viken, ,Även känd som Iranska viken, , ,,,,,,,,"<img src=""ug-map-persian_gulf.png"" />",UG::Oceans+Seas
h|7yQG0Wik,Caribbean Sea,Karibiska havet, , , , ,,,,,,,,"<img src=""ug-map-caribbean_sea.png"" />",UG::Oceans+Seas
:XMC{NXgC,Gulf of California,Californiaviken,Also known as the Sea of Cortez., , , ,,,,,,,,"<img src=""ug-map-gulf_of_california.png"" />",UG::Oceans+Seas
beUci8clxs,Polynesia,Polynesien,Subregion of Oceania comprising thousands of small islands in the central and southern Pacific Ocean., , , ,,,,,,,,"<img src=""ug-map-polynesia.png"" />",UG::Oceania
miE4u575Ez,Melanesia,Melanesien,"Subregion of Oceania, which includes the four countries of Vanuatu, the Solomon Islands, Fiji, and Papua New Guinea.", , , ,,,,,,,,"<img src=""ug-map-melanesia.png"" />",UG::Oceania
FQfLvMyzbT,Scandinavia,Skandinavien,"Historical and cultural region in Northern Europe, which includes the countries of Denmark, Norway and Sweden, and sometimes Finland and Iceland.", , , ,,,,,,,,"<img src=""ug-map-scandinavia.png"" />",UG::Europe
O[YhHW&F>+,Sea of Galilee,Gennesaretsjön, ,Även känd som Galileiska sjön och Tiberiassjön, , ,,,,,,,,"<img src=""ug-map-sea_of_galilee.png"" />",UG::Oceans+Seas
"aWfat2,ev[",Sumatra,Sumatra,Island of Indonesia., , , ,,,,,,,,"<img src=""ug-map-sumatra.png"" />",UG::Asia
lIEV|(|pPu,Sicily,Sicilien,Autonomous region of Italy., , , ,,,,,,,,"<img src=""ug-map-sicily.png"" />",UG::Europe
v2Z)BIAnoM,Mayotte,Mayotte,Overseas department of France., , , ,,,,,,,,"<img src=""ug-map-mayotte.png"" />",UG::Africa UG::East_Africa
t3VhRfcBZs,Réunion,Réunion,Overseas department of France., , , ,,,,,,,,"<img src=""ug-map-reunion.png"" />",UG::Africa UG::East_Africa
UkP!tU%r),Falkland Islands,Falklandsöarna,Overseas territory of the United Kingdom., , , ,,,,,,,,"<img src=""ug-map-falkland_islands.png"" />",UG::South_America
m_r)&~O1}o,Europe,Europa, , , , ,,,,,,,,"<img src=""ug-map-europe-nobox.png"" />",UG::Continents
~(x;GNezDa,North America,Nordamerika, , , , ,,,,,,,,"<img src=""ug-map-north_america-nobox.png"" />",UG::Continents
J0Tm]%4@bZ,South America,Sydamerika, , , , ,,,,,,,,"<img src=""ug-map-south_america-nobox.png"" />",UG::Continents
"OXQI~iZ_,i",Asia,Asien, , , , ,,,,,,,,"<img src=""ug-map-asia-nobox.png"" />",UG::Continents
n84^2BdKL%,Africa,Afrika, , , , ,,,,,,,,"<img src=""ug-map-africa-nobox.png"" />",UG::Continents
o*2%L86y|t,Australia (Oceania),Australien, , , , ,,,,,,,,"<img src=""ug-map-oceania-nobox.png"" />",UG::Continents
7R0>xXtI),Antarctica,Oceanien, , , , ,,,,,,,,"<img src=""ug-map-antarctica-nobox.png"" />",UG::Continents
rbjYQCA<Z.,Saint Martin,Saint Martin,Overseas territory of France., , , ,,,,,,,,"<img src=""ug-map-saint_martin.png"" />",UG::Caribbean UG::North_America
